iter	MultiClass
0	1.617820196
1	1.503275304
2	1.421200274
3	1.358499787
4	1.308703267
